,Locations,Importance
0,12.0,0.015144149560862687
1,13.0,0.0
2,18.0,0.007439802279142178
3,27.0,0.018221453018511965
4,31.0,0.0018583363177017832
5,35.0,0.010628763447927795
6,37.0,0.017612350814005688
7,41.0,0.016399147320616647
8,43.0,0.00296726602081659
9,44.0,0.008800630983648245
10,45.0,0.0028447052617075613
11,47.0,0.0049436398977349815
12,50.0,0.00851115396573781
13,51.0,0.001173768555264765
14,54.0,0.009211852813132434
15,58.0,0.00025764211179086225
16,64.0,0.0
17,65.0,0.0065818635390790334
18,73.0,0.00175351758056862
19,75.0,0.02828678213462548
20,79.0,0.0560276396136762
21,81.0,0.000320509562910753
22,82.0,0.02675124560269438
23,83.0,0.0033065106147305155
24,85.0,0.0038899524107770035
25,88.0,0.0
26,89.0,0.0
27,90.0,0.0032382422442335883
28,96.0,0.00436241632050929
29,99.0,0.0
30,104.0,0.01098376367477686
31,112.0,4.177365572311538e-05
32,114.0,0.0
33,123.0,0.0008918453019723725
34,129.0,0.00018440559275659056
35,133.0,0.0
36,138.0,0.0
37,142.0,0.007980202722711193
38,144.0,0.005458800968371339
39,148.0,0.0
40,150.0,0.005994074245044849
41,153.0,0.004184348875517569
42,155.0,0.0
43,160.0,0.007678176031819943
44,163.0,0.06213292544923723
45,168.0,0.015038648921129834
46,169.0,0.013196219914922808
47,171.0,0.0
48,176.0,0.011278218991298165
49,178.0,0.0
50,183.0,0.013907679602751534
51,187.0,0.01695968016573557
52,188.0,0.01080012395242811
53,192.0,0.08507551555268582
54,202.0,0.0026467494482924256
55,210.0,0.013207681307635924
56,211.0,0.015839211274142347
57,212.0,0.0007070300774681941
58,217.0,0.1541247948574174
59,221.0,0.01230948892743521
60,223.0,0.01527411465067009
61,241.0,0.040818323099789104
62,244.0,0.007351491297392108
63,246.0,0.010859610222952442
64,248.0,0.004805919686959117
65,254.0,0.013425826631540154
66,259.0,0.01647125450019134
67,261.0,0.0011792504148112966
68,269.0,0.0005097019583095578
69,283.0,0.011837648181885846
70,296.0,0.004963659812221318
71,305.0,0.015749098008722772
72,308.0,0.011219644687888783
73,312.0,0.0
74,321.0,0.014562624488269291
75,334.0,0.0035154812977229006
76,344.0,0.0
77,345.0,0.004710594808908932
78,352.0,0.011593240110663067
79,372.0,0.001503202638724141
80,383.0,0.0004779384924717816
81,403.0,0.009104793933818288
82,411.0,0.0
83,423.0,0.03154371820315072
84,424.0,0.006862337193860067
85,428.0,0.0069019806549338635
86,433.0,0.021199704723637844
87,441.0,0.0024041387968240856
88,444.0,0.0
89,456.0,0.0
90,458.0,0.0
